{"schemaVersion":"1.0","appDefinitionTemplate":{"id":"/providers/Microsoft.PowerApps/apps/","type":"Microsoft.PowerApps/apps","tags":{"primaryDeviceWidth":"1366","primaryDeviceHeight":"768","sienaVersion":"20210309T052019Z-3.21024.25.0","deviceCapabilities":"","supportsPortrait":"false","supportsLandscape":"true","primaryFormFactor":"Tablet","publisherVersion":"3.21024.25","minimumRequiredApiVersion":"2.2.0","hasComponent":"false","hasUnlockedComponent":"false","isUnifiedRootApp":"false"},"properties":{"appVersion":"2021-03-09T05:20:19Z","lifeCycleId":"Published","createdByClientVersion":{"major":3,"minor":21024,"build":25,"revision":0,"majorRevision":0,"minorRevision":0},"minClientVersion":{"major":3,"minor":21024,"build":25,"revision":0,"majorRevision":0,"minorRevision":0},"backgroundColor":"rgba(0, 176, 240, 1)","backgroundImageUri":"/12769320822789046653/Ndbe0466f-014f-4ba8-9295-5b9d2e096b2f-logoSmallFile","displayName":"CalendarScreen","description":"","commitMessage":"","appUris":{"documentUri":{"value":"/12769320822789046653/Ndd46ec89-30c1-454f-8a7d-388f8d2ef380-document.msapp"},"imageUris":[]},"createdTime":"0001-01-01T00:00:00Z","lastModifiedTime":"0001-01-01T00:00:00Z","sharedGroupsCount":0,"sharedUsersCount":0,"icons":{"smallIconUri":"/12769320822789046653/Nb6f24f70-1c37-49cf-bc44-5f844494fe21-small.png","mediumIconUri":"/12769320822789046653/N4e35b17a-32cc-48d3-91a9-feb38bdb4f4d-medium.png","largeIconUri":"/12769320822789046653/N2d4507fc-6ad9-44ff-b5f0-3733eebbcfcd-large.png","wideIconUri":"/12769320822789046653/Nd36a466d-2189-46c7-ab9c-4b3cbb81dbad-wide.png"},"connectionReferences":{"bc0eb0e0-f123-4b27-aeaf-9641faaf94f4":{"id":"0ca05ab2-5553-49af-9b7a-76a98e116b21","displayName":"Office 365 Outlook","iconUri":"https://connectoricons-prod.azureedge.net/olshyron_private/1.0.1448.2355/office365/icon.png","dataSources":["Office365Outlook"],"dependencies":[],"dependents":[],"parameterHints":{},"isOnPremiseConnection":false,"bypassConsent":false,"dataSets":{},"apiTier":"Standard","isCustomApiConnection":false,"actions":["GetEventsCalendarViewV3"]}},"databaseReferences":{},"almMode":"Environment","performanceOptimizationEnabled":true,"canConsumeAppPass":true,"executionRestrictions":{"isTeamsOnly":false,"dataLossPreventionEvaluationResult":{"status":"Compliant","lastEvaluationDate":"2021-03-09T04:36:23.8273547Z","violationDetails":[]}}},"isAppComponentLibrary":false,"appType":"ClassicCanvasApp","appComponents":[]}}