{"schemaVersion":"1.0","appDefinitionTemplate":{"id":"/providers/Microsoft.PowerApps/apps/","type":"Microsoft.PowerApps/apps","tags":{"primaryDeviceWidth":"1366","primaryDeviceHeight":"768","sienaVersion":"20210309T051145Z-3.21024.25.0","deviceCapabilities":"","supportsPortrait":"false","supportsLandscape":"true","primaryFormFactor":"Tablet","publisherVersion":"3.21024.25","minimumRequiredApiVersion":"2.2.0","hasComponent":"false","hasUnlockedComponent":"false","isUnifiedRootApp":"false"},"properties":{"appVersion":"2021-03-09T05:11:45Z","lifeCycleId":"Published","createdByClientVersion":{"major":3,"minor":21024,"build":25,"revision":0,"majorRevision":0,"minorRevision":0},"minClientVersion":{"major":3,"minor":21024,"build":25,"revision":0,"majorRevision":0,"minorRevision":0},"backgroundColor":"rgba(0, 176, 240, 1)","backgroundImageUri":"/12769320822789046653/N344f766e-93b1-4277-addf-eaaa466fee63-logoSmallFile","displayName":"CalendarScreen","description":"","commitMessage":"","appUris":{"documentUri":{"value":"/12769320822789046653/N09280261-bfec-47cc-a0a7-fbadfd6311b4-document.msapp"},"imageUris":[]},"createdTime":"0001-01-01T00:00:00Z","lastModifiedTime":"0001-01-01T00:00:00Z","sharedGroupsCount":0,"sharedUsersCount":0,"icons":{"smallIconUri":"/12769320822789046653/N821a0e80-4c96-4714-8387-4d5cf87346f4-small.png","mediumIconUri":"/12769320822789046653/N8636add4-3d50-4e1d-93c5-569219235118-medium.png","largeIconUri":"/12769320822789046653/Nf4f673e8-bb86-4da4-b991-0c47d703567a-large.png","wideIconUri":"/12769320822789046653/Nba59e1b3-ba22-4ad8-add7-d9d108f81368-wide.png"},"connectionReferences":{"bc0eb0e0-f123-4b27-aeaf-9641faaf94f4":{"id":"0ca05ab2-5553-49af-9b7a-76a98e116b21","displayName":"Office 365 Outlook","iconUri":"https://connectoricons-prod.azureedge.net/olshyron_private/1.0.1448.2355/office365/icon.png","dataSources":["Office365Outlook"],"dependencies":[],"dependents":[],"parameterHints":{},"isOnPremiseConnection":false,"bypassConsent":false,"dataSets":{},"apiTier":"Standard","isCustomApiConnection":false,"actions":["GetEventsCalendarViewV3"]}},"databaseReferences":{},"almMode":"Environment","performanceOptimizationEnabled":true,"canConsumeAppPass":true,"executionRestrictions":{"isTeamsOnly":false,"dataLossPreventionEvaluationResult":{"status":"Compliant","lastEvaluationDate":"2021-03-09T04:36:23.8273547Z","violationDetails":[]}}},"isAppComponentLibrary":false,"appType":"ClassicCanvasApp","appComponents":[]}}