{"schemaVersion":"1.0","appDefinitionTemplate":{"id":"/providers/Microsoft.PowerApps/apps/","type":"Microsoft.PowerApps/apps","tags":{"primaryDeviceWidth":"1366","primaryDeviceHeight":"768","sienaVersion":"20210309T054608Z-3.21024.25.0","deviceCapabilities":"","supportsPortrait":"false","supportsLandscape":"true","primaryFormFactor":"Tablet","publisherVersion":"3.21024.25","minimumRequiredApiVersion":"2.2.0","hasComponent":"false","hasUnlockedComponent":"false","isUnifiedRootApp":"false"},"properties":{"appVersion":"2021-03-09T05:46:08Z","lifeCycleId":"Published","createdByClientVersion":{"major":3,"minor":21024,"build":25,"revision":0,"majorRevision":0,"minorRevision":0},"minClientVersion":{"major":3,"minor":21024,"build":25,"revision":0,"majorRevision":0,"minorRevision":0},"backgroundColor":"rgba(0, 176, 240, 1)","backgroundImageUri":"/12769320822789046653/Nfa16bd8a-1739-4783-af8b-1f45c16e2d9a-logoSmallFile","displayName":"CalendarScreen","description":"","commitMessage":"","appUris":{"documentUri":{"value":"/12769320822789046653/Ned721d80-30c7-4158-bd63-280f5855ff55-document.msapp"},"imageUris":[]},"createdTime":"0001-01-01T00:00:00Z","lastModifiedTime":"0001-01-01T00:00:00Z","sharedGroupsCount":0,"sharedUsersCount":0,"icons":{"smallIconUri":"/12769320822789046653/N28a1de3d-8ec2-4292-9eee-fad2593055d1-small.png","mediumIconUri":"/12769320822789046653/Nb9522ae3-9c59-4092-8370-b04692fcf9cf-medium.png","largeIconUri":"/12769320822789046653/Nbd28f831-f55a-40ee-924a-17c224c8d145-large.png","wideIconUri":"/12769320822789046653/N1436f26a-22c8-4fd5-94c3-e308208bfc33-wide.png"},"connectionReferences":{},"databaseReferences":{},"almMode":"Environment","performanceOptimizationEnabled":true,"canConsumeAppPass":true,"executionRestrictions":{"isTeamsOnly":false,"dataLossPreventionEvaluationResult":{"status":"Compliant","lastEvaluationDate":"2021-03-09T04:36:23.8273547Z","violationDetails":[]}}},"isAppComponentLibrary":false,"appType":"ClassicCanvasApp","appComponents":[]}}